ROWID	_Easy|DOUBLE	_Normal|DOUBLE	_Hard|DOUBLE	_Master|DOUBLE	_Abyss|DOUBLE	_Chaos|DOUBLE	_Hell|DOUBLE
1	1.0	1.0	1.3333334	2.0	2.0	2.0	2.0
2	0.75	0.85	1.0	1.3333334	1.3333334	1.3333334	1.3333334
3	0.6	0.75	0.85	1.0833334	1.0833334	1.0833334	1.0833334
4	0.6	0.6	0.75	1.0	1.0	1.0	1.0
